at,sale,gsector
62008,17337,20
419.314,316.011,20
20020.421,3586.982,55
1317.404,2484.595,40
72548,34608,35
8962,9763,45
25168.5,8856.3,15
14046,3566,20
266.89,147.591,35
2900.6,2383.3,20
1404.138,209.979,60
423.937,92.507,30
28927.01,8943.519,40
64586,32637,20
5106.7,3355.7,45
18821,4667,10
3776.9,5987.6,20
14905.285,2217.541,40
1831.283,933.854,20
80757.2,14918.5,55
191367,38185,40
165086,22715,40
586481,43358,40
29467.815,3792.399,40
680.293,458.704,15
10357.483,4540.029,20
62948,25424,35
21468.603,5603.056,45
4272.121,8208.436,30
5503.428,2134.043,10
12746,4212,10
1015.099,1230.774,20
323888,274515,45
22353,17202,45
824.294,493.292,20
316.833,208.626,15
49719,64355,30
1779.008,2940.163,20
17053.911,28673.363,45
6877,2326,15
619.745,502.587,20
479.345,372.846,10
7279.8,3790.4,45
39165.5,14589.8,45
6083.9,6971.5,15
8105.197,17634.333,45
996.442,838.917,20
365.741,22.078,60
468.38,425.544,45
1165.843,703.644,15
1722.827,470.191,40
18252,11781,15
65926,2603.863,40
20603.651,730.833,40
469633,16940,40
2676.226,1124.391,20
20019,11673,35
2283.551,3245.652,20
54012,17117,35
453.866,465.771,45
316481,128292,50
19067,47262,25
12972.618,2513.654,35
8088.786,1696.941,55
152136,58656,20
2557.424,5109,20
1142.466,1081.299,20
118481,42518,35
1867.05,2117.07,25
3770.6,4347.5,25
1057.86,1176.274,15
5227.849,6320.975,20
2707.9,2025.3,45
1288.321,443.026,45
155451,160216,35
64026,10687,40
39793,10583,20
626.049,424.066,45
183.817,179.917,45
2781,2614,15
5542.472,5720.042,20
433.805,308.587,45
3394.248,794.307,55
12372,8691,30
27104.8,8614.9,30
40766,152922,35
5866.4,4245.2,20
3227.2,2181.1,15
78324,41748,20
591.452,575.111,25
951.833,1108.051,25
59394,20712,50
3359.855,4577.531,35
2071.754,1016.048,35
1434.911,2079.583,35
3386071,129503,40
1932.487,488.198,55
239790,94471,10
2356,3078.5,25
7414.5,4895.8,30
2686.4,1054,25
2668.6,1559.8,50
9202.961,2948.218,50
16771,5354,15
6213,6721,30
3222.45,5007.357,30
87296,33014,30
1403.977,785.461,15
1827.496,1228.999,45
1090.346,636.007,45
15920,16471,30
346.83,261.162,15
32114,11066,40
273869,103564,50
88129,3094,40
32922.974,1389.547,40
2260090,88842,40
4081.728,5476.486,15
17538,5402,20
22038,17729,45
929.647,616.715,45
729.644,666.686,25
62895,12246,55
1017.968,433.683,25
665.931,56.381,60
29666,6680,55
14633.098,2586.47,10
2971.573,2521.074,25
6737.5,2430.9,35
27331.1,9684.3,30
30775,11408,45
7107.398,748.287,60
2544.258,2522.792,25
4588.9,2936.9,20
22471,4933,40
16670,11575,15
42391.317,1485.731,40
22624,19811,20
4021.334,2391.336,20
5040.006,1733.825,25
7376,7106,25
76161,22284,35
51248,93561,25
75091,35540,20
71996,17095,20
1874.863,1790.781,20
45496,12177,55
2228.687,1052.001,25
3657.4,3902.3,45
3092.515,4433.185,25
1979.457,1229.215,45
201549,65388,50
25862.624,33746.839,25
95905,14172,55
2244.6,2588.6,20
9152.074,6683.76,20
70904,20397,15
27647.2,13171.1,50
837.347,628.941,20
162388,24020,55
9219.4,1738.1,20
5314.677,3728.134,20
1944.165,3199.165,20
7960.315,3782.745,35
275.528,240.403,20
2720.803,363.124,60
31824,17858,20
18126,11790.2,15
22882,16785,20
15359.032,2821.137,55
364.388,357.973,20
112.538,74.525,35
9611.8,4127.5,20
18113.469,3058.843,10
220.705,273.649,25
1933.875,2010.931,15
4927.503,10116.481,20
279.645,229.161,10
337.902,472.618,20
332750,178574,10
10186.4,4642.1,15
127684,17997,55
392.699,501.32,30
7607.624,842.026,60
1208.8,1130.8,20
17706,18097,25
1960.933,958.954,15
204680,8391,40
147389,6630,40
16551.84,742.928,40
49957.68,1960.776,40
142601.105,6281.156,40
553905,25241,40
84209,2857,40
3323.023,4387.991,30
7309.812,15668.477,20
267261,127144,25
370.395,497.411,20
1272.307,1247.331,20
20220.9,5566.5,40
4036.704,2790.269,15
8937.6,1209.2,20
22331.4,7003.6,40
6848.699,2937.78,50
13769,13800,25
2899.9,2072.7,20
51308,37925,20
253452,79619,20
182165,10721,40
235194,122485,25
2297.7,1559.5,20
1587.368,1786.53,25
2197.941,1688.189,25
13440.215,16537.433,25
1349.512,147.034,60
1286.881,916.498,15
16506,12287,25
394.457,348.967,20
3765.5,1729.8,15
1988.128,1650.115,20
144.28,97.489,20
6295,11797,20
7643,2381,50
5510.9,4515,15
20680,14445,10
36960,18194,20
2993.287,1863.864,20
10818.385,5465.443,25
349.197,366.694,20
680.372,748.252,25
15004.007,2579.775,55
472.55,596.871,15
785.031,1760.303,20
32483.642,4597.884,60
952.694,1427.412,20
2667.724,691.873,15
3547.711,1787.009,20
99830,26185,30
2263.488,2098.799,25
4829.621,1773.927,10
9131.845,8149.719,30
34681,56639,45
2917.8,1502.4,20
4671.1,2881,35
16755,4307,25
11506.864,11183.643,10
70581,132110,25
1418.032,1955.363,20
9908.282,9608.462,30
33471,7418,55
1010.179,130.002,60
5085.1,4186,20
5928.348,9636.573,20
123038,5233,40
295.655,170.627,20
4277.6,2477.8,20
3728.733,859.154,60
7095.244,1350.729,55
15612,12574,20
18156.7,12454.7,20
1802.1,3466.6,15
2456.017,2407.522,20
153091,77867,45
57.025,35.873,45
1306.011,1103.262,20
155971,73620,45
13555.671,5084.239,15
6637,7503,20
1616.275,358.991,45
31718,20580,15
18042.7,9061,50
945.981,850.689,35
12354.353,13566.975,20
5063.84,8797.061,20
174894,82584,35
40815,22317,20
9279.96,5806.424,45
71973,11700,10
1306.393,784.459,20
9964,2632.6,20
27114.8,4913.4,55
17996,13770,30
2561.9,4516,20
3037.591,1885.305,20
386.267,727.859,20
17523,19140,30
5924.174,2171.408,20
48662,132498,30
172.263,305.558,20
8241.2,1855.4,55
14559.047,10044.736,45
993.353,1334.388,30
256.304,351.591,20
4754,4280.2,25
29935.177,22488.854,25
53118.352,6955.93,40
46633.1,24539.8,35
11571,11847,25
2314.453,2655.4,20
365948,17242,40
50710,65398,20
80236,13633,40
6136.936,1967.046,10
2086,2788,15
46735,89597,25
775.462,764.041,20
3864.92,3901.211,25
8053.372,5532.75,55
2253.651,538.633,55
1603.5,1443.4,20
17956,3213,10
1254.178,237.688,50
12890,1598,60
33049,17224,40
5777,7188,20
5521.089,4583.66,25
12089.7,5601.3,30
52626.8,19207.8,25
1275.744,572.554,20
12537,7442,40
65015,238228,35
171.094,77.42,20
93083,30117,35
230715,268399,35
91588,47994,35
5510.1,2848.6,50
160.718,235.802,20
1372.987,54.872,40
53678,21435,45
58239.212,10113.636,55
976.47,141.592,55
1872.484,1348.223,20
47344,32184,20
6084.6,1169.1,55
1276.7,1808.4,25
1939.783,178.262,60
1871.164,1661.668,35
10876,7414,45
10620.852,1954.37,10
400.015,510.369,15
61553,11946,35
2819627,93753,40
8414,6207,45
548.15,114.537,20
105.838,101.359,45
6964.935,1546.291,55
1362.132,977.928,35
27106,17640,35
381.776,473.107,20
433.17,354.7,20
249.498,385.205,30
5569.802,1953.668,55
2307.689,1783.639,50
14700,9385,25
41369,11497,15
709.192,492.625,10
3674.656,2121.1,20
9538,10715,25
37962,9789,20
476.179,128.432,10
719.257,506.397,25
46099.598,8904.43,55
22040.5,4681.7,55
53957,11526,55
170003.9,6301.1,40
44469,36799,20
3031.8,3076.4,20
3756.379,773.679,55
6389.449,1198.67,55
1955163,80303,40
20125.394,20139.658,15
80064,17809,10
2045.842,1827.889,10
1992.27,1178.062,10
44464,10790,55
235.882,283.227,30
10718.8,2122.3,55
8270.9,5758,15
776.137,82.128,60
23078.754,8542.242,10
2578.354,890.107,55
1231.737,418.692,10
3335.639,8480.177,35
9481,7055,20
8882,6103,15
865.634,762.857,25
466679,18262,40
19556,13841,15
28260,18728.5,20
97856,18469,55
66623,11370,55
343.749,213.786,45
163.512,46.276,20
1300.5,1295.2,20
19738.189,13695.52,20
1753.435,2486.597,25
205.077,93.826,10
73566,7811,40
907.326,273.25,10
48116,7607,55
4197.2,3017.8,20
92918,70372,30
5045.617,5318.763,20
5237.973,1339.226,10
154229,41908,35
129317,33039,55
13705.277,1485.702,55
47414,20841,30
62618,18784,10
13293.5,7132.6,25
189.873,137.176,45
1997.14,1252.658,40
5220.137,3554.075,20
2664.269,1727.607,45
2381.065,1040.93,60
472.278,518.499,20
120700,70950,30
7939.854,1523.012,55
50050,9603,55
12205.498,11036.082,25
89.761,32.131,55
602.63,392.206,20
2891.834,1417.677,15
644.486,556.821,35
47482,8168,40
790.505,598.302,10
279.098,160.704,15
409.371,348.359,20
4589,2907,20
1342.794,669.729,25
9887.2,20390,25
9335.404,24043.24,30
281.68,63.075,55
7264.7,6329.8,20
1264.005,802.583,45
1845.9,2161.22,20
12717.867,12531.565,25
2766.287,498.819,15
12931.954,8420.091,20
2167.256,1684.058,40
3311.465,564.526,55
42434,23601,10
6399,7126,30
260.369,313.579,45
6083.8,4903.2,15
121.296,103.973,35
1082.102,595.117,45
14515.425,3511.509,25
2031.707,220.775,50
20401.6,18361.7,15
3160.7,2895.3,20
16284.2,8002.7,30
6557.3,3942.2,20
170336,7337,40
5277.259,5237.443,15
6689.148,1541.383,55
69372,13578,55
1791.603,488.243,55
122935,20375,55
34588,9048,20
8735.853,3298.873,55
525761,171760,50
5160,2308,10
359.049,675.973,20
257.416,163.46,35
956.54,1128.588,25
930.878,604.535,20
23566.3,14534.6,20
314706,12078,40
1752.336,1869.75,15
1978.575,2284.932,40
11816.546,3017.888,60
34330,14351,35
87412,3990,40
348.258,569.682,25
393.924,526.697,25
22628.266,52893.31,30
730.975,852.539,20
536.349,37.83,60
4034.9,2982.1,15
7152.559,2537.156,35
12525,5225,50
1082.6,1001,20
11852,15379,25
3652.346,3121.469,45
19351,14461,45
15443,11651,20
69052,32218,35
5771.46,8167.933,25
1251.177,397.038,10
2772.691,356.575,25
5041.6,3513.2,20
984.558,471.063,30
29046.731,4738.555,40
2853.228,3379.89,20
132.116,173.335,20
8701.8,1999.4,20
2607.274,1116.663,45
34456,43185,30
59548,15355,20
13985,6559,55
474.162,606.509,25
2199.027,1804.159,20
32030,5794,55
62398,19533,20
9637.533,1266.283,60
197289,257141,35
33127.504,1368.655,40
1087.214,158.854,60
62408,84628,20
162153,56587,20
7984,2724,25
1477.9,418.6,55
1740.86,1332.001,15
2341.924,1983.357,30
13476.879,11145.897,35
111.745,42.198,35
13754.029,9238.83,25
780.081,661.659,20
2953.16,2895.355,20
898.064,454.163,45
915.546,1804.594,30
3154.473,2501.898,45
16221.822,980.382,60
11686.905,4856.826,15
362.637,408.498,30
252496,556933,30
87174,139537,30
6444.119,2883.421,25
2409.818,294.118,60
6402.097,1321.891,55
2484.347,5054.928,20
3961.4,515.666,60
1820.421,4112.601,30
2793.8,2146.9,35
25662,16736,45
256.719,195.375,25
16311,7532,60
20350,19456,25
44165,7719,10
4661.424,6783.189,25
1713.7,2355.533,25
37028.1,7241.7,55
17710,3416,55
2137.4,1791.1,25
3903.336,2495.665,20
7043,7548,25
14741,7022,45
406.957,53.852,55
5107.3,3964.2,30
30813.555,32136.962,25
81479,2942,40
5815.9,6856.8,20
4831.4,678.4,40
736.819,362.963,45
2036,314.1,60
26604.254,3817.839,40
14469,6087,10
2298.031,2796.166,25
2428.474,1697.067,45
33419.783,1419.447,40
2166.666,433.283,40
509228,24433,40
40686.076,1566.751,40
20838.678,791.971,40
681.792,1036.842,30
3350.072,153.16,40
1067.289,58.899,60
4037.257,6199.186,25
1115862,52047,40
10659,6206.7,40
7637.844,691.571,60
301311,143015,45
16728.8,4717.8,30
1902.887,366.26,35
848.2,1024.4,20
2156.676,2372.178,20
1636.514,1744.014,20
12010.601,4054.377,25
6887.622,2127.106,20
11065.733,7223.129,25
9069,2145,55
405.261,253.667,35
7315.967,4099.403,45
1738.2,1508.6,20
5777.141,7566.04,25
4500.3,20358.3,10
95.297,93.075,45
33376.66,9894.642,50
24284,12868,45
1037.324,160.555,60
238.575,49.942,50
6445.9,4644.4,35
35339.9,3821.1,40
2643.045,3046.345,25
831.636,874.374,20
74619,14852,45
5356.442,4183.174,25
151.198,10,35
74.111,27.711,35
70625.8,13162.8,40
7474.497,12091.901,30
4283.222,1642.375,20
1056.553,1022.038,30
951.176,645.262,20
7521.096,5505.788,35
55.582,29.698,35
41710.054,9739.496,40
454.472,171.721,35
536.36,23.583,60
2289.848,3390.394,45
1899.299,4610.609,30
54394.159,2308.608,40
1786.657,1071.84,35
1906.494,1021.506,25
15920.089,1578.276,60
8405.25,186.594,40
1188.182,609.691,45
1849.031,3564.267,30
64098.3,42638.1,40
3938.485,983.626,40
550.818,563.605,25
3950.785,2682.891,45
1419.81,523.833,10
2713.903,1198.667,40
1569.853,625.609,45
53593,5595,25
9111.394,1006.863,60
5751,256,40
3900.106,518.207,60
5202.474,2513.257,20
3277.671,87.506,60
494.009,79.716,60
1494.359,847.522,35
1751.673,862.459,35
9342,3342,35
52663,25285,50
13609,6687,35
353.556,88.638,35
1606.24,1294.562,45
24165,2733,40
546.026,594.209,25
1343.409,1541.137,30
549009,12109,40
4131.52,3144.097,20
1549.936,900.61,20
79.716,70.117,45
169.154,101.31,45
25906.733,972.266,40
24081.194,1135.997,40
3964.7,5647.3,20
6747.931,211.493,40
3629.303,2191.395,45
3076.1,5541.8,30
142502.134,4506.906,40
12327.3,8598.9,45
890.145,539.009,30
4632.7,7025,25
580.489,312.69,35
19229,7024,10
9681,4037,50
9328.2,18001,20
282.925,236.408,40
3087.754,403.495,40
36494.934,5162.082,25
29345,15218,20
123415,94224,45
4859.386,1857.478,50
213.804,107.983,40
5234.714,2380.071,45
42144,14198,15
5558,9710,25
3864.398,4501.217,25
1722.472,1467.592,10
28606.913,8044.672,40
27542,7536,40
22815.2,7165.9,40
366.575,395.521,30
733.055,557.24,45
9912,4828,10
570.526,474.692,20
20071.7,13995.5,35
8718.411,4317.996,45
6932.3,197.23,40
1950.04,193.516,60
4861.808,560.575,60
24355.501,519.837,40
7316.411,366.92,40
51774,60115,10
1193.88,769.97,20
4414.398,2351.646,20
1528.568,2398.043,20
47802.487,2267.008,40
10465.8,1871.5,40
2027.589,738.691,35
8966.492,2613.375,40
573.28,222.99,45
514.87,755.29,15
6178.9,5226.9,25
176.853,46.924,35
6361,2556,45
660.818,1451.767,25
150565,45784,35
1151.962,899.567,40
6897.4,1033.5,60
1100.906,93.73,60
1800.702,811.02,45
63091.8,2231.8,40
486.132,122.473,35
180518,7649,40
1830.614,1369.23,45
950.751,1001.15,35
13198.6,17045.5,25
35804.601,11017.977,10
1965.718,5474.838,20
449.724,218.478,45
11932.654,419.138,40
680.067,408.12,45
7737.995,6129.32,25
3688.636,144.554,40
1257.635,96.868,40
5432.022,249.652,40
6594.583,257.616,40
528.682,279.271,45
2160.52,777.819,40
13288,5629,50
2021.126,1031.292,25
6358.834,168.136,40
1843.42,238.856,40
7289.751,319.03,40
5758.64,243.102,40
13931.094,617.276,40
18793.071,804.114,40
18504.206,797.531,40
14067.21,558.434,40
607.439,198.321,35
13204.301,511.432,40
4204.013,220.574,40
2857.093,115.336,40
9826.011,590.426,40
1414.855,70.872,40
32081,8040,50
107.289,59.253,20
6328.246,3923.011,40
14648.27,690.542,40
22960.622,902.582,40
355.072,132.299,35
4760.764,220.776,40
9687.913,2895.352,40
115511.007,4081.758,40
1083.156,442.841,40
14333.914,715.43,40
18794.055,690.46,40
32590.69,1287.326,40
16425.61,669.462,40
2555.362,105.224,40
8342.392,348.605,40
15973.134,714.086,40
234.829,48.087,35
2834.546,587.486,10
7622.171,328.19,40
5901.796,195.458,40
26184.247,1149.179,40
3069.678,1068.627,40
881.175,659.296,20
31597.795,3977.148,40
593.218,88.141,55
3050.01,112.683,40
17753.476,696.569,40
4729.399,195.226,40
320.29,161.056,45
3026.535,151.83,40
1916.971,403.475,60
9593.625,1182.836,60
207.673,42.22,35
501.845,151.184,50
9896.816,274.3,40
2162.199,91.605,40
7547.339,322.6,40
3459.067,234.87,40
473.573,15.762,35
180.661,145.072,45
200162,68397,50
4551.789,211.828,40
2279.451,88.031,40
33252.114,702.802,40
24564,11359,35
2806.404,6468.759,30
816.901,390.358,10
1781.252,250.734,35
2845.093,3161.192,25
544.195,117.316,35
13576.8,8435.9,45
2239.1,101.673,40
5065.735,151.185,40
14261,9008,50
353.631,393.655,25
37354,1436.655,40
4951.174,330.135,60
4413.95,436.248,60
852.952,203.196,35
353.258,227.547,35
1699.51,64.164,40
461.19,208.475,35
9068.104,395.685,40
1821.481,69.994,40
4557.544,202.961,40
752.008,220.058,10
10592,1199,55
48887.493,8108.462,40
4069.141,145.302,40
12423,22885,30
314.587,103.178,35
1286.561,890.554,25
10544.047,444.863,40
8342.147,1057.947,60
1535.038,60.183,40
3013.771,245.473,40
3725.594,881.792,40
13150.845,3491.699,10
3245.882,940.584,45
1734.897,211.698,60
2685.7,9504.3,25
932.337,92.523,35
5886.614,269.235,40
2251.258,644.338,25
362.372,268.141,45
622.457,31.434,35
480.805,234.623,45
3898.572,537.326,60
557.392,266.001,60
2948.515,1299.592,35
1288.767,814.139,45
1826.087,2367.929,25
2184.597,1183.657,45
378.743,104.883,35
6781.092,5763.98,25
5723,7056,20
3046.067,1465.069,35
3382.738,1458.415,45
5830.435,239.946,40
5202.724,955.154,40
402.045,83.138,35
9034.368,1153.734,60
1078.469,990.088,25
13379.09,3716.349,50
242.187,1798.285,60
142.832,10.163,35
4006.033,1992.523,35
716.415,498.83,35
313.05,105.893,35
703.244,122.694,35
457.163,117.483,35
779.122,716.906,60
103.415,66.499,35
555.482,292.689,45
3256.431,5446.591,25
10932.906,494.558,40
1186.932,55.611,40
1759.555,271.03,35
3040.837,141.645,40
271.157,135.082,35
1834.643,74.806,40
4089.149,1042.316,25
747.309,491.883,25
5139.141,231.001,40
461.852,308.487,35
2489.937,231.242,60
461.087,466.449,20
9279.021,483.384,40
22359.752,999.508,40
477.346,653.163,25
430.949,295.905,25
2436.386,2055.146,25
717.314,22.813,35
5526.42,252.753,40
5881.229,398.216,40
707.846,164.307,35
720.22,15.325,35
5896.9,1236.3,60
251.926,85.552,35
1187.676,1653.225,25
6028.712,1530.268,55
1654.9,764.3,45
1090.991,50.578,60
8967.897,380.183,40
3108.914,3405.67,50
1045.508,1427.448,25
1503.559,178.332,60
203.453,360.093,45
1863.293,573.452,40
6077.722,1334.1,45
19628.449,783.54,40
1985.648,546.212,45
586.792,445.887,25
938.96,221.628,50
253.19,187.802,35
1766,411,60
2283.115,100.222,40
6336.496,282.273,40
290.811,225.527,45
1157.292,160.84,60
2335,6345.6,20
644.139,295.307,35
5713.169,269.378,40
1416.702,402.751,45
1544.264,774.533,25
2388.919,1819.982,25
1063.742,434.908,45
1196.444,943.276,40
685.617,77.208,60
1390.677,925.925,35
994,830.7,15
14419.314,475.762,40
130.278,277.891,20
1351.682,770.77,45
4837,1961,25
3798.071,217.362,40
784.1,800.354,35
2607.912,841.434,45
2413.832,1982.78,20
3380.5,4131.6,15
57.626,41.176,35
7776.5,3094.3,35
2157.279,1029.564,45
7218,4221,45
469.057,71.857,35
1008,1619,20
7872.303,374.408,40
3604.7,1953.5,30
15168.992,1764.046,40
1389.794,1136.383,15
2089.379,592.285,40
30770.423,2292.234,40
2529.865,1738.899,15
458.061,278.678,50
4523.532,1466.624,10
2321.181,105.89,40
771.399,891.925,25
631.236,349.846,35
843.811,1395.529,20
6957.16,298.538,40
95948,16472,40
774.829,1200.55,45
2137.76,2257.075,20
4086,604,50
366.667,554.89,55
4738.919,2317.512,45
94853,49301,45
16958.955,779.648,40
2710.407,733.57,35
7195.8,3776.4,35
498.25,502.028,40
2159.246,1114.2,35
920.27,109.832,60
4613.4,585.7,40
869.821,339.41,35
227.381,80.554,35
261.863,17.403,35
1379.2,718.5,40
93.425,11.165,35
605.221,426.087,25
443.182,279.471,30
21371.124,50.706,50
396.239,296.576,20
1672.8,714.8,35
2379.996,3562.459,20
1653.799,4136.38,20
14341.9,5111.4,40
6355,8265,20
93.742,20.993,35
4569.929,14145.156,25
449.008,514.551,20
2762.918,128.047,40
8554.097,697.944,60
12604.439,500.689,40
9004.34,697.768,60
8820.871,369.194,40
211.815,34.185,35
4178.501,3183.365,35
72.501,21.366,45
2854.1,1960.1,45
1664.396,963.875,35
434.388,318.79,30
36385,3474,25
5935.791,363.842,40
183349,7676,40
841.649,462.524,35
1973.366,883.026,45
933.581,893.491,25
826.84,176.319,35
789.428,362.048,35
707.006,351.594,45
1773.536,336.281,60
168.978,71.241,35
8063.306,4415.777,35
1011.22,291.778,45
988.847,976.021,25
170.267,112.92,10
65.733,58.683,35
14029.467,577.587,40
7157.2,3737.6,15
2880.425,2425.788,25
1398.619,667.648,45
980.577,1846.36,20
47490,51533,35
5519.201,3147.599,45
71.372,43.01,45
1182.986,847.396,40
2133.861,3124.87,10
2939.56,343.07,60
105.01,29.323,35
4308.011,2332.451,15
1136.555,545.744,35
1764.939,2225.522,25
1005.257,144.523,10
1145.348,522.867,25
2457.54,245.078,60
1971.398,667.524,35
4608.629,199.77,40
7082,4969,15
6876.9,3147.7,45
51.544,42.592,30
1653.732,102.188,40
3430.485,279.598,35
1654.349,67.528,40
3079.603,369.776,60
580.096,399.9,20
6432.9,3316.7,45
4731.818,1067.139,60
5728.3,2744.8,30
1744.235,2053.131,45
1829.214,204.8,60
1655.812,1594.506,15
261.552,57.017,35
2437.109,1459.271,45
3513.577,432.487,60
317.415,879.221,20
517.31,1100.938,20
1373.523,732.915,20
4488.338,1325.229,50
2404.489,1725.625,25
2815.283,2718.038,25
1171.607,1034.523,40
3292.6,1678.6,45
622.789,589.837,25
353.744,43.997,35
1718.393,793.735,35
10082.179,3180.679,40
2121.798,140.044,40
60.328,43.313,35
3706,1904,20
19043.134,743.394,40
6701.3,842.5,45
643.841,310.016,35
668.402,75.85,60
560.724,380.53,15
3366.228,133.171,40
16006,11789,35
1220.661,1092.748,25
2057.705,416.857,60
14423.872,12631.967,25
17163.3,8497.1,35
1370.185,1022.433,35
211.565,248.811,25
1303.491,613.061,10
4829.759,601.879,60
12059,9741,15
1005.502,224.959,35
3967.014,330.104,60
2389.755,729.264,35
389.48,310.056,45
2005.855,1808.821,25
807.481,769.169,25
731.687,618.003,45
2372.197,1631.284,40
1976.595,2234.719,25
932.153,391.005,35
342.94,33.215,35
2294.561,2706.655,35
34603,9660,55
424.76,552.644,35
33638.602,1382.409,40
3102.5,1482.4,40
17755.281,1093.962,35
13220,157,40
2074.945,689.268,25
1864.7,1172.7,15
1949.73,1038.756,35
6202.716,4613.838,30
2648.943,115.177,60
11751.808,6205.683,35
1811.814,1125.721,25
757.449,82.356,25
1041.782,442.15,45
7354.526,1199.146,40
578.983,437.714,35
5375,4455,45
1197.023,822.811,40
4654.803,886.861,40
46671.088,2112.949,40
214.401,154.345,35
24618.9,13444.6,35
1233.798,603.319,50
913.122,411.486,45
89.097,168.947,50
3120.489,329.685,60
1126.9,1454.1,20
2098.5,1350.6,20
70379,21454,45
4369.41,4015.129,20
3556.495,525.328,60
7311.6,2716.6,20
13471.813,1299.778,40
1083.711,455.444,50
1161.47,1481.889,20
15230,3764.6,50
954.27,524.471,40
11614.498,1133.874,60
896.692,253.699,40
407.457,880.092,30
11488.4,5085.8,35
2378.558,2994.891,20
35594,21731,45
4077.023,619.764,60
277.291,148.18,50
68407,24689,35
1849.737,406.618,25
203.824,62.484,35
14382.943,922.191,20
207.923,363.073,25
24024.8,5527.1,20
8030.062,3685.281,45
1980.6,1589.46,25
58.877,232.915,30
3466.943,603.896,40
1763.691,1273.049,35
14327.751,9552.197,25
88229,27243,15
5478.49,4617.369,20
515.423,65.507,45
14929.612,733.664,40
8504.2,9149.7,20
2203.235,148.128,45
2426.067,1525.452,40
845.814,901.278,25
1269.228,428.867,45
30777,9913,35
15337,15955,25
6574.471,3107.519,35
594.361,422.969,35
1505.781,63.946,40
205.437,198.456,20
6456.93,9233.028,25
7489,1669.3,40
18912.3,20336.1,25
724.002,123.803,35
16584.779,622.309,40
7804.6,6559.9,15
3365.469,1016.609,30
523.538,70.871,20
29374.5,23518,25
544.016,61.015,60
1519.673,51.952,40
2339.364,2695.509,30
966.454,1276.948,20
7329,450.9,60
9497.449,897.567,60
26598,69690.4,30
1459.486,182.983,60
2747.054,1983.225,25
2747.593,1445.695,45
3278,3950.6,20
6288.898,187.68,40
2819.44,1684.179,45
3209.4,1594.8,15
1695.7,2704.5,20
7948.021,1438.617,40
5413.2,1860.1,35
927.571,635.028,20
1362.285,186.419,35
2570.5,1177.1,20
4976.431,1126.582,10
1758.741,1072.77,40
2976.98,2391.269,50
3011.136,143.869,40
358.663,100.362,35
1051.983,494.366,35
2524.913,1737.063,25
708.164,154.567,35
822.983,566.241,35
54015,26982,45
416.552,75,35
1529.914,240.919,40
3304.949,133.039,40
6050.128,249.918,40
4970.894,1024.917,25
515.577,638.783,25
279.238,20.077,35
261.584,171.128,35
4013.356,179.439,40
960.569,250.646,35
3739.954,1182.445,25
9869.55,9497.578,45
934.707,501.399,45
1668.179,171.114,60
1174.545,18.983,40
1207.866,123.688,60
3894.072,1614.173,45
2141.6,1153.4,20
690.253,589.505,60
16051.5,4634.4,20
37823,6320,55
1045.361,561.034,45
1768.547,1307.682,45
3588.4,1781.3,20
514.44,297.219,35
1417.6,903.2,15
174.087,187.13,35
572.602,90.732,35
1558.525,1765.421,20
1897.489,104.82,40
2334.5,1216.1,15
676.322,57.994,35
1571,178,50
11191,1145,50
4160.36,171.319,40
1929.855,372.792,25
10261,12670,25
1602.838,66.482,40
165.435,16.597,35
9487.433,1761.776,45
3051,2353,15
3964.685,4235.677,20
207.616,138.923,45
213.25,15.093,35
3134,921,25
10587,832,60
320.412,71.078,35
956.257,1670.137,20
1866.555,1612.169,25
2008.445,816.641,30
4483.615,287.704,40
14860,9286,15
1546.896,459.886,40
737.067,1091.721,25
22662.831,780.139,40
324.468,28.628,35
1586.539,417.248,10
318.117,552.56,25
229.091,277.309,25
4108.284,473.737,60
246.488,95.813,50
3231,903.9,45
865.6,894.5,40
2411.351,934.241,35
789.404,253.227,35
510.29,614.68,25
11207.33,616.499,40
960.944,271.141,45
4418.969,1097.847,60
2753.645,836.033,45
487.393,318.11,30
34969,76546,35
305.138,360.466,45
10931,7649,45
642.747,976.765,25
2987.006,135.1,40
1109.329,1163.466,20
16478.8,5438.4,45
509.654,45.743,50
1274.878,1324.051,25
700.461,421.712,35
9212.357,464.336,40
190774,36477,40
1263.407,1157.917,15
252.23,300.64,45
3105.165,541.643,45
1478.505,1613.343,25
21879.964,1305.306,60
3772.656,6960.37,45
7639.529,322.378,40
3990.053,2929.34,15
11596.642,11604.493,25
32465.187,2208.805,25
11443,5259,20
4870.5,3242.1,15
14397.416,27266.438,45
365.605,130.457,35
84656,14596,40
4977.577,228.843,40
9344.7,18467.5,45
3812.26,499.725,60
4186.882,263.226,60
21804,3152,10
2189.531,392.042,60
125987,44791,40
511.739,265.166,35
432.447,48.128,45
525.861,406.562,35
714.161,382.903,45
872.77,1813.234,25
1022.839,913.098,25
774.95,880.824,20
1113.505,351.737,45
10875,8263,25
354.734,193.365,25
5135.6,3690.9,20
7211.734,318.63,40
7198.952,1074.712,60
1768.081,120.32,60
671.877,184.413,25
4256,4163,45
20286.891,2574.356,60
16029,10165,25
2277.391,9348.485,30
1645.572,225.347,60
31.343,66.062,25
7719.7,25086.3,30
522.503,87.992,35
6092.074,513.36,40
49779,11618,30
24701,10635,25
3139.734,1862.716,45
5682.797,312.171,40
1139.5,738.3,35
6558.948,2178.49,25
2167.705,2545.641,25
55556,166761,30
3493.226,330.279,60
10936.904,1051.944,60
10904.5,504.063,40
3299.069,1124.249,10
3560.918,2666.702,35
1212.494,1032.578,20
2607.023,2173.35,45
3546.345,3449.749,25
680.76,304.268,25
1075.712,547.503,50
2404.891,5153.998,20
774.172,914.236,45
1047.393,1269.573,20
10048.733,367.589,40
1229.927,1712.343,15
1776.3,1136.3,45
56306.12,1769.073,40
11206.586,1400.087,60
492.966,393.246,45
1137.761,1201.814,25
34786.846,4822.173,60
16083,8473,15
203.204,179.373,15
35697,9358,10
1791.929,64.979,40
276.084,934.842,30
1157.888,1202.581,10
617.603,306.357,40
2188.452,2053.903,30
11194.791,1688.706,60
875.359,605.105,10
244.236,62.339,35
216.473,114.48,45
10580.8,4729.9,15
7049.116,10620.352,25
10450.946,3128.909,15
2007.48,2127.077,25
36504.1,6145.6,40
28779.7,17578.8,15
334.715,17.812,35
3071.148,149.482,40
9184.005,758.988,60
640.605,1234.144,15
19199.144,2307.298,60
624.962,427.534,20
3455.261,2205.583,20
1692.094,3047.734,45
389.6,164.559,30
56065.005,4737.149,60
4726.348,203.661,40
17506.222,1823.427,60
2838.681,1622.642,15
2542.157,122.074,40
3434.806,3759.113,25
3886.183,248.568,60
1136.519,341.635,40
16058.6,4910.2,20
1538.767,152.915,35
1050.739,789.232,10
20438.638,1172.055,40
292.995,37.434,10
14667.3,3578.7,25
1232.569,1267.945,20
72.243,33.419,35
1889.942,965.787,10
12936.177,1603.259,60
5209.417,742.872,60
997.75,137.003,50
3791.938,446.828,60
1393.936,782.738,15
3343.3,4201.8,30
3173.834,2792.189,20
2072.633,1498.306,20
1840.492,179.945,60
4460.126,2350.098,60
411.896,102.976,10
398.41,651.286,20
9652,6731,15
525.679,506.51,45
1567.198,2071.519,35
595.989,354.661,45
5147.786,309.773,60
5613.331,3571.923,30
1465.295,495.308,45
10333,8040,50
8106.8,8811.9,15
3298.797,835.424,45
20740.285,1651.625,60
8468.002,4673.863,20
1223.306,598.717,45
676.716,838.561,20
13806.268,566.333,40
18712.567,849.273,40
421602,31607,40
1054.4,127.4,50
3034.531,5586.565,25
2508.601,869.258,45
122.005,11.799,35
177.654,57.708,45
686.975,63.627,35
5610.912,900.719,10
75.926,12.617,35
512.521,304.573,45
4965.612,270.469,40
1453.42,534.506,10
2740.832,126.079,40
228.552,45.285,35
3062.881,1361.319,40
1687.054,834.146,10
6201.888,266.97,40
740.778,167.007,25
384.329,144.391,35
4310.732,8340.579,45
66.32,45.734,45
1750.98,2814.191,25
2487,1148.4,50
1559.125,897.273,45
786.608,1122.377,45
13474.9,54139.6,40
71.237,74.553,35
3386.903,1294.322,45
6390.652,300.721,40
20696,25509.3,25
936.714,53.277,40
1884.488,1286.671,45
44274.83,189893.926,35
1975.648,73.561,40
1513.754,963.897,20
2911.926,108.188,40
247869,8503,40
591.523,378.831,45
4587.376,2957.013,35
3725.762,169.092,40
3607.967,311.824,60
3208.97,158.731,60
4908.743,284.209,40
4219.648,221.917,40
1360.52,886.093,60
38007,20705,10
6079.547,581.762,60
63.327,23.851,35
771.592,780.051,35
1355.231,62.409,40
139.877,18.845,35
3197.821,1107.363,15
391.168,603.713,25
2523.366,938.418,10
2270.542,1778.388,50
642.432,42.087,35
188.813,49.117,35
2114.456,511.547,45
4330.821,160.1,40
1407.495,590.38,45
763.59,652.537,25
829.902,472.347,45
502.298,551.451,50
1133.5,298.2,15
890.608,343.113,50
2333.498,1711.76,25
17063.613,1232.369,60
3949.217,153.474,40
702.279,120.925,25
1844.458,1429.456,20
9645.375,410.263,40
1075.6,365.254,45
769.429,1711.733,25
3914.045,155.699,40
3982.45,1904.998,60
1915.745,255.217,60
6906.104,243.91,40
275397,12415,40
5572.205,1367.645,20
1604.28,335.659,35
271.045,86.377,35
817.486,687.18,35
6231,2873,45
112.56,131.309,35
7426.3,2793,20
209.068,56.54,35
16116.936,5314.787,20
422.537,186.892,50
815.594,348.566,10
7831.151,1988.639,60
1833.458,431.269,45
8798.536,326.981,40
6211.937,291.012,40
554.732,648.471,25
2927.345,120.665,40
772.292,77.517,35
2387.2,1913.9,45
7625.272,9498.442,50
421.507,305.42,45
4644,1300,25
2442.982,112.353,40
911.789,385.513,45
2336.507,1453.047,45
3084.759,142.421,40
3475.776,1899.996,10
283.644,222.789,45
185.837,116.201,40
628.114,785.679,20
171.019,320.738,25
281.189,115.381,35
388.305,15.403,35
7628.268,293.354,40
1523.073,508.6,45
1757.721,439.101,45
363.697,15.563,35
1179.59,1742.101,20
889.936,138.811,35
216.438,210.18,45
1602.333,500.569,45
5978.631,231.099,40
3071,2346,20
403.526,150.134,45
917.902,1420.881,25
159.151,20.435,35
1454.387,794.247,20
2488.802,164.494,60
1109.978,155.036,45
129.05,346.935,50
1195.876,172.408,60
5411.53,15430.017,30
2528.9,1384.9,20
690.589,440.221,45
413.968,357.154,45
816.051,1326.328,25
7337.9,7843.7,60
259.473,310.446,45
1405,1474,25
17692.7,3273.3,35
1501.93,545.07,20
7770.893,332.368,40
484.285,566.83,30
275.629,38.881,10
936.8,288.2,15
5610,5071,20
394.111,42.722,35
795.685,131.006,50
717.369,21.802,35
529.227,373.628,20
2271.781,286.73,35
132.047,20.75,35
877.817,373.51,45
223.142,73.387,35
329.043,87.368,35
739.125,447.755,45
398.882,90.1,35
973.172,608.489,45
1367.325,393.593,45
6038.542,631.425,45
215.658,125.733,35
1223.588,431.18,40
12725.852,1510.825,10
342.206,111.535,35
7336.75,803.395,35
232.232,204.328,25
61470,38542,15
5586.235,97.842,40
468.006,406.785,30
294.494,338.298,35
171.592,17.444,35
488.251,21.098,35
21750,12303,50
3532.06,676.378,40
3496,4339,35
272.042,67.789,35
4678.964,2364.681,20
179.314,75.227,35
150.158,24.285,35
5679.85,892.659,40
1084.193,49.667,40
534.237,225.148,25
729.092,168.463,40
10112.616,3090.421,35
795.443,213.556,45
1961.843,595.91,10
680.961,91.723,10
5297.993,2651.368,45
1136.713,25,35
2609.459,1692.658,50
1545.816,2097.839,25
152.026,25.639,35
9906.5,6393.6,35
33252,11166,20
2642.634,100.545,40
306.644,22.378,35
3599.16,239.834,40
1219.951,290.874,45
2433.7,902.61,45
298.269,19.538,35
3937.704,3918.946,20
42649,14217,15
2732.533,874.438,45
244.842,78.648,35
1116.414,98.382,35
242.382,44.945,35
605.109,302.196,25
143.74,12.888,35
205.753,278.459,45
1401.649,477.221,45
326.666,148.677,35
577.74,188.845,35
3587.582,160.82,55
439.328,62.649,35
3050.712,816.107,40
2256.218,703.509,45
458.067,1022.97,25
5659.303,215.181,40
2009.051,393.428,40
6876,2282,35
2647.439,3032.61,35
576.191,35,35
1380.651,431.059,45
1687.445,329.646,45
990.451,243.589,45
1890.285,603.466,45
2981.8,1825.9,25
918.761,76.368,35
929.341,298.845,35
506.976,388.188,35
264.722,36.984,35
653.5,988.3,30
253.927,344.858,35
288.331,13.612,35
3666.567,158.521,40
136.011,116.156,45
1813.472,1056.389,35
1187.319,122.358,40
2404.015,157.6,45
4722,3263,30
9344,1430,55
239.669,132.949,45
6314,5675,15
1070.99,377.643,35
6293.843,4681.474,35
746.263,108.095,35
567.401,42.983,35
5073.8,4370.6,20
1829.37,2714.628,20
10710,12756,20
25093,17456,20
1931.856,899.259,20
3073,2704.6,45
746.2,873.6,20
1073.793,531.515,40
214.092,139.67,35
263.708,32.733,35
475.51,170.358,35
167.135,111.283,45
3719.206,762.936,50
295.526,41.817,35
16020.286,2122.353,35
1724.056,1357.7,25
560.241,316.352,25
15964.19,591.701,40
2108.796,877.35,40
6377.8,2707.1,45
299.658,64.303,35
799.829,82.654,35
9135.44,3047.681,50
828.7,94.4,40
563.401,204.293,45
1078.153,269.451,45
602.726,328.243,20
37534.602,15980.705,40
171.374,214.28,30
780.978,880.566,35
276.626,152.368,45
396.343,17.82,35
725.815,33.977,60
861.1,211.672,45
39473,3087,55
487.175,34.034,35
980.343,844.836,45
403.829,49.935,35
570.507,202.637,45
2671.225,772.445,45
79.12,26.382,35
689.231,150.827,45
1376.646,245.265,35
4258.483,321.661,60
6843,4689,15
4384.482,5689.233,25
232.632,69.154,35
400.138,33.195,35
1314.115,1702.367,45
210.337,584.814,50
5428,2906,45
656.024,872.662,20
1793.271,518.785,45
746.438,1112.229,25
863.632,48.633,35
94.585,49.202,25
747.678,591.207,45
2761.279,818.158,35
1270.691,284.098,35
477.255,241.442,40
5177.556,4719.534,45
1269.4,243.53,35
1353.457,1734.919,25
178.827,26.894,45
6075.702,4920.202,25
1196.477,183.217,45
195.31,175.518,20
3401.5,1766.2,35
4655.15,904.2,20
1776.2,2371.5,50
156.718,156.941,45
1522.3,607.3,35
133.52,165.251,45
704.984,1108.717,35
628.818,443.458,45
13382,5943,50
38239.947,15493.435,50
3978.03,844.813,20
4727.848,621.628,60
2352.824,436.512,25
374.9,1029,20
18454.5,7556.1,20
515.52,29.782,20
10355.066,572.953,40
1432.712,1224.361,20
6029.188,3211.116,20
2985.717,270.742,60
479.049,1397.7,20
3615.136,1371.868,35
8687.319,1255.628,60
43282.297,8378.654,40
3347.948,1711.951,35
865.179,590.623,45
2117.122,2536.489,40
32788.357,9492.561,40
1404.6,638.6,35
30820.58,5127.349,40
13443.7,4857.3,40
360.933,132.327,25
1739.67,3936.623,25
16988.516,11550.604,35
15031.623,617.762,40
2473.063,1419.213,35
7772.532,10119.141,35
1584.9,1074.4,15
1647.662,1415.826,45
17781,14294,30
2839.92,2365.365,35
1378.825,1739.732,30
7976.394,275.37,40
9360,5744,45
373.015,285.907,20
1582.479,475.598,35
4890.347,3236.7,45
3593.332,1478.899,45
17908.339,656.903,40
2382.43,3192.399,20
74111,20315,40
16946.5,7984.9,15
68.802,102.7,20
1150.432,649.642,20
1958.914,91.861,40
18103,6069.9,35
1332,990.533,45
2527.7,1908.5,30
14149.267,4147.27,60
2105.396,3495.644,20
404.75,1345.769,50
1399.6,1605.1,15
183.591,158.733,45
179.556,72.628,55
92.138,29.599,10
12798.429,526.276,40
116764,31981,40
451.903,311.202,45
1435.805,1710.261,45
2777.363,2461.275,20
1945.822,82.917,40
1219.9,1740.1,25
1734.7,1045.9,35
15923.6,4667.9,45
7008.227,281.56,40
2985.393,4735.94,20
127.734,15.141,35
5940.59,1681.297,45
6434.296,207.338,40
2083.388,1494.111,40
5912.53,1870.346,35
2004.096,79.815,40
11448.313,453.534,40
1604.262,1017.517,45
2295.807,1027.653,25
1516.408,1949.248,45
5791.441,1568.856,60
2465.868,1802.533,25
1145.825,329.448,25
5581.9,2675.5,20
2364.948,295.192,20
3314.902,3125.384,25
9264.637,2903.074,35
212.531,149.599,35
3185.744,109.835,40
1059.424,778.51,25
808.166,1419.657,25
45080.768,1896.577,40
13247.2,20443.9,25
640.887,1134.644,30
2450.935,1869.719,20
9929,6090,10
7586.972,26514.267,30
50.408,21.999,45
1076.775,1568.323,45
1957.076,2581.934,30
9265.562,9601.482,15
644.218,448.984,20
14026,9437,35
7902.1,13124.3,25
851.861,1005.266,20
1092.654,39.321,40
1296.979,523.04,20
1584.276,4287.004,20
10000.708,901.821,60
221.415,114.249,35
205.608,124.179,35
5244.232,1963.704,25
4180.917,3532.157,45
6511.586,4921.943,15
21541.541,20089.959,25
4926.711,2482.7,45
37789.873,1221.169,40
6028.218,3372.772,50
31038,2144,40
1453.1,1236.4,20
1243.876,242.747,45
321195,386064,25
17794.374,714.105,40
22827.878,2315.106,60
7221.47,4015.307,45
2984.718,540.099,35
7887.5,4400.8,25
2024.702,3461.537,45
22858.19,2752.314,60
168.422,41.589,35
301.362,37.388,60
19736.544,702.051,40
1757.355,2856.659,20
2498.278,733.555,10
2779.722,874.97,10
399.839,197.323,35
678.409,532.344,45
3709.315,1905.485,20
27162.596,1184.781,40
14316.5,16589.9,60
2044.115,87.07,40
350.787,307.865,45
29235.175,1424.636,40
263.097,141.667,40
3726.648,1515.093,25
11707.567,1009.528,60
1656.825,3329.188,30
149.831,124.959,35
2884,3044,20
187.497,309.215,25
5852,5652,25
525.592,304.376,45
1140.127,1522.598,25
1806.909,83.789,40
974.347,354.619,10
4898.745,207.69,40
88455.103,3700.757,40
133.423,133.277,35
621.408,648.006,25
1268.541,1166.044,45
5144.258,16207.106,20
1587.333,774.072,25
1464.183,176.442,60
1151.172,364.973,10
4437.344,193.485,40
1193.898,774.584,20
6704.185,412.12,60
5089.4,10851.8,25
2814.549,3085.177,35
5556.648,223.407,40
3745.993,9767.042,25
7888.9,2027.5,40
2086.31,152.331,40
6858,5987,30
903.339,488.318,45
17868,8530,20
1851.864,66.235,40
1511.478,50.925,40
1745.884,79.521,40
17106.664,652.31,40
6615.318,251.549,40
1565.978,72.869,40
2998.948,125.843,40
2354,2596.2,20
14707.636,1190.762,60
77.748,62.197,35
1766.91,1265.052,45
560.528,1190.856,20
721.517,687.314,25
1610.72,796.61,20
2883.802,110.767,40
8398.272,11202.672,20
1919.342,78.413,40
1015.373,2590.29,45
168.763,94.864,35
184.045,114.537,20
375.203,215.691,45
2060.839,1448.268,40
489.333,382.114,30
16442.1,12467.5,15
14135,6290,20
18399.317,1279.908,25
47233.5,8041.5,60
67.834,30.413,45
3220.742,134.893,40
8942.424,351.461,40
2836.571,2513.662,25
2642.026,91.2,40
5890.442,227.51,40
2473.078,124.464,40
5143.641,220.325,40
4634.114,160.393,40
7664.297,275.952,40
2026.439,79.489,40
465.412,586.372,45
558.51,508.373,20
5022.311,5050.589,45
23929.404,3797.201,60
3106.384,135.086,40
1397.4,1193.1,15
298.862,95.361,45
3949.297,168.903,40
192.545,239.482,45
775.319,1509.713,25
1465.612,480.735,45
11117.802,435.682,40
2750.572,127.94,40
16923,16652,45
2898.313,2849.999,25
6341.621,4169.039,45
2361.236,95.238,40
6915.42,1659.019,20
1763.954,64.131,40
23434,10153.6,20
1909.544,86.949,40
6168.325,339.311,40
54.136,51.146,35
38768,5840,60
19310,10271,25
1163028,53498,40
1501.73,72.228,40
1428.537,429.663,40
34059.275,1275.444,40
800.136,1856.555,25
1064.192,754.952,40
1676.803,61.964,40
1017.551,38.246,40
1570.949,694.155,25
9751.571,359.282,40
29820.138,1149.583,40
1980.988,173.761,60
28791,16675,45
5916.3,4710.8,25
3288.757,1060.898,50
52156.913,1830.589,40
17522,13066,25
793.137,442.221,45
185.402,259.726,40
4014.324,162.087,40
3903.8,2330,45
21874,6840,25
770.492,880.831,20
9487.218,324.577,40
979.088,948.019,45
787.812,629.37,20
8041.764,1257.978,10
14626.444,726.72,40
11880.214,12325.995,20
1506.3,1365.7,15
4677.92,2350.822,45
5812.369,4613.431,25
9158.018,2083.138,60
4615,1483.3,35
1297.299,757.98,25
4912.306,204.475,40
9378.3,4445.1,45
4864.523,1501.4,40
3665.331,1489.593,45
352.273,540.081,25
5848.02,1860.455,35
2032.5,3634.1,20
785.761,612.133,45
774.435,1489.637,25
3085.038,831.282,45
93.705,72.729,45
6476.424,1650.247,60
176982,16205,40
1130.528,773.271,20
1297.322,974.207,50
2482.587,119.961,40
7764.13,3198.149,45
110.017,66.827,50
2251.282,306.463,20
988.331,444.448,35
1562.8,747.7,20
144206,48417,50
18690,5199,25
96.13,30.456,45
1468.172,556.496,45
9627,5339,35
5084.8,3086.2,20
3949.3,2056.72,40
7433.2,6658.2,15
72.175,80.122,35
214.514,88.17,35
1993.487,886.677,45
7237.1,4386.3,35
3540.9,1949.7,30
110.378,108.621,35
825.463,417.396,35
2376.467,1116.27,45
500.313,244.826,35
795146,67906,40
203.788,23.995,35
1006.432,366.62,45
938.55,118.192,35
2137.333,987.538,35
8668,5255,45
306.952,100.326,45
1547.265,843.795,45
14902,9093,55
796.155,164.413,35
29498.442,1249.551,40
2271,2548,25
11168.9,4438.4,35
5490.831,2923.933,35
10764.924,2968.9,45
12838.013,474.849,40
2917.696,1859.313,45
624.624,474.56,45
4483,1723,20
747.345,344.026,50
7585,3239,35
3049,1987.5,35
122.704,101.749,35
27006.841,5998.545,60
34932.86,1338.882,40
12409,5371,40
2895.944,2105.322,45
75.641,30.111,35
2371.857,1073.442,35
7924.2,4961.4,25
1730.045,69.328,40
3043,4034,20
227.394,313.832,45
4925.092,1491.391,35
4829.683,2471.941,35
7031.373,4186.573,25
4000.906,2175.536,35
156.254,102.1,35
353.272,46.551,35
782.616,441.755,35
44201.545,7423.558,45
1152.26,638.075,10
4667.1,2881.1,10
119.422,239.825,25
1693.8,1333.9,45
67810,26581,30
1824.504,892.208,35
1933.315,70.426,40
940722,57031,40
37078.593,44327.039,45
1381.023,681.003,20
22547.1,4521.4,45
38531,9352,40
2331.476,154.65,40
356.973,836.417,35
23655,41355,30
600.394,415.684,35
287.58,88.046,45
2353.507,2393.714,35
24417.7,7024.5,35
3676.3,7131.8,25
16169,16252,20
86615,121867,35
2472.6,5089.8,25
1481.174,1378.124,25
68719,111115,35
296627.7,14597.8,40
11839.636,10106.321,25
3491.7,3326.3,20
3739.81,537.615,60
2213.664,2518.384,20
2365.886,94.479,40
571.731,353.874,35
132.733,147.683,35
1000.477,553.016,50
3261.295,1273.705,45
13406,2957,20
2821.016,121.538,40
39280.359,24996.056,50
429.624,1059.371,30
326.272,264.488,35
830.214,2549.783,25
12998.951,13239.976,20
239.894,156.471,35
958.024,733.601,20
18395,5103,20
963.217,693.616,45
2054.273,837.969,40
974.739,868.715,25
2083.6,1074,20
124659.6,4883.6,40
149.152,64.765,40
13404.276,4501.269,50
13869.547,2095.861,25
17979,5627,40
7877.334,309.125,40
58106.6,3150.4,40
7752.859,9584.019,25
3392.58,3050.61,25
12919.741,435.74,40
37726.096,1242.428,40
4453.061,1065.414,40
1548.774,1822.366,20
4621.989,1558.595,10
144.701,82.837,35
2718.016,124.22,40
2078.322,88.721,40
579.924,267.594,35
5152.76,213.389,40
9532,19423,35
25877.687,4841.954,40
1106.039,1255.202,45
1097.908,133.152,60
1425.913,1368.675,35
3001.745,1570.575,20
2043.94,737.478,10
12360.533,11628.83,25
22646.16,1520.64,40
2701.176,892.02,45
13468.59,24675.563,45
1021.998,127.699,40
71389.674,2426.611,40
146.671,61.577,15
1755.084,1385.209,25
3308.6,3676.9,25
16944.264,2236.975,40
44649.9,10094.8,40
2262.4,1373.5,15
2036.7,1638.8,15
25208,11443,55
1922.853,91.501,40
6396.786,483.617,60
66301,21252,45
209.728,28.913,35
15334,1081,40
4655.587,15.591,40
105747,8653,40
533.803,55.828,35
6276.841,295.399,40
1137.7,1086.9,20
1331.429,691.571,40
3767.57,1967.909,30
7660.986,738.22,40
1567.168,4117.411,25
33584,15301,45
319616,182527,50
108.608,65.144,35
940.582,346.634,10
2696,1389.5,40
55.456,26.63,35
2325.161,2398.123,25
2253.747,80.371,40
9395.848,1393.765,60
6957.5,6943.9,20
3093.211,471.047,10
999.57,336.794,35
1859.5,2812.1,20
13835,7504,15
3146.773,299.879,60
1476.128,13.398,35
73888.344,2006.894,40
853.224,415.435,20
1208.491,844.452,45
3462.797,2977.932,20
3888.987,705.342,55
4778.142,679.355,60
36076.291,3866.202,60
2195.666,95.967,40
7531.16,910.223,60
4179,847,20
20807,3886,25
6758.175,253.269,40
1223.353,50.33,40
1596.842,58.241,40
1057.476,871.014,20
3507.3,1304.028,50
19789.8,8681.7,15
552.405,78.696,35
16829.014,1269.655,60
10909,5655,15
806.6,792.6,15
4246.156,173.195,40
3429.273,943.365,35
1063.049,1391.083,20
2917.325,1161.792,45
8183.361,1559.869,45
83.84,158.924,25
8713,6018,15
2483.354,2063.204,35
1247.857,958.434,45
5971.861,2641.103,40
13851.9,725.826,40
1954.7,13617.1,25
4290.5,1926.7,35
16135.2,4287.8,20
300.04,855.197,20
998.364,990.652,25
4173.671,8558.874,20
494.593,783.294,25
1598.6,1669.1,15
126200,8244,40
1477.179,383.674,25
967.127,275.133,20
2611.944,2375.439,25
1793.184,248.948,60
714.539,206.531,35
542.674,277.748,25
36461,1332.6,40
5063.072,665.481,40
1232.809,355.56,20
12023,4124,15
4086.518,316.496,60
89.95,41.005,35
5485.7,4350.8,30
1815.006,2481.358,20
71.571,105.796,20
3637.203,430.043,60
34087,10671,50
6568,2758,15
26023.159,1048.283,40
2184.587,322.501,40
1366.826,64.427,40
1189.728,1430.39,25
8383.9,3404.8,20
3048.7,1655.2,20
1470.855,339.477,40
16398.804,787.748,40
6901.758,3424.446,35
165883,11977,40
1643.165,69.523,40
1118.723,1385.951,25
1646.482,1124.829,45
5030.628,4474.667,25
12511,12297,20
284.953,41.456,60
1621.989,691.039,10
50455,10778,40
2567.837,121.119,40
3853.384,813.344,20
10589.303,1861.178,50
1980.484,1169.12,20
5982.896,5984.634,25
83842,12552,45
196.634,205.94,25
2460.957,1563.15,15
533.456,248.168,35
1395,964.1,20
261.223,144.861,35
1395.836,1247.934,45
6134.1,7301.8,10
131.002,82.681,45
482.255,291.67,45
2537.991,98.722,40
2498.71,1050.01,45
673.588,269.718,50
18439.248,645.038,40
3722.852,166.586,40
191.582,238.645,35
12146.7,5698.7,30
5868.486,2229.385,45
159316,85965,50
4150.695,611.865,60
17619,2813,10
820.921,486.412,20
54721,64129,10
244.22,225.11,35
1679.485,789.042,35
8715.057,4519.484,45
3362.107,3170.561,25
9065.4,3408.4,45
2314.77,1962.137,25
6934,6221,60
1062.521,882.621,20
904.173,723.472,45
2208.278,380.766,35
16999,14177,25
7655.399,5531.713,35
5705,5767,20
1040.022,582.774,40
252.81,129.366,35
96.991,97.388,35
1644.809,69.399,40
1667.29,1506.875,20
3088.418,3702.438,35
7613,2365,25
3370.888,2288.76,40
510.845,248.466,50
3258.925,990.073,20
886.52,260.886,35
9496.3,4835,45
131.29,130.726,30
9250.825,891.236,60
7698.874,6664.35,25
7108.931,2711.332,45
105.734,90.692,15
3088.673,143.23,40
410.323,390.98,20
1969.58,3491.497,20
1718.5,936.9,20
2895.147,3514.33,25
2935.7,1200.724,45
192.354,119.073,35
2883.2,1555.4,35
607.328,99.615,60
4208.1,1726,20
1757.085,1547.502,25
239.52,249.128,45
715.027,291.724,10
886.2,90.4,50
1918.646,3339.281,45
3922.6,711.4,40
186.973,443.884,25
21647.284,2660.506,40
490.927,382.928,35
95679,2492,40
1893.515,77.327,40
4856,3652,15
14642.221,508.549,40
4179.179,167.422,40
4889.8,4529,45
1357.65,478.818,40
2346.27,95.553,40
5562.922,686.31,50
2612.632,294.013,20
456.568,148.376,50
1872.9,904.4,35
1732.497,1355.596,45
6535.901,2363.567,35
314.178,230.194,45
38.358,59.257,35
112889,12953,40
10276.4,1242.4,50
2995.76,814.729,40
539.971,252.424,45
677.97,356.036,50
1712.552,1143.744,35
240.987,136.878,50
4477,2081,20
4873.513,3709.377,45
4185.215,4401.879,25
2662.73,902.721,40
29016,11767,45
2193,1836,45
4198.647,1695.39,40
6523.571,5871.64,40
2861.848,284.114,60
5741.376,665.315,20
3978,3930,10
188.687,138.619,40
5089.969,6151.953,25
371.018,321.785,25
2545.578,2402.596,35
674.348,1097.702,25
1583.177,897.02,40
2848.941,846.656,40
5514.544,179.617,40
17523.019,1086.532,40
815.789,1411.222,20
1073.263,1040.765,25
3615.617,109.281,40
1739.9,931.8,60
7073.352,1887.907,45
6619.848,265.06,40
339.519,236.545,35
23373,3777,55
80919,21846,45
7351.549,3070.769,20
1381.387,1641.836,45
461.669,405.951,20
44815,28694,30
3987.4,2517,20
518.899,64.891,35
651.13,13.643,35
5710.483,1019.241,45
204.314,118.986,20
79806.502,9718.02,40
1245,1359,15
691.585,851.573,20
368.511,192.194,35
324.757,135.044,35
221.646,69.056,35
550.188,196.954,15
81817,2645,40
963.944,2511.515,20
941.313,275.12,40
1781,2560,20
1844.579,844.096,25
1105.629,206.035,20
2591.85,118.434,40
8632.851,283.401,40
583.313,592.571,20
6090.5,1238.5,45
23109,8086,50
1188.99,909.99,40
1805.9,1727.8,20
3401.1,1433.1,20
16701,11709,15
995.859,2247.392,20
7561.8,2784.6,20
75933,23888,45
2917.618,1502.7,35
1578.917,1923.719,10
97.028,23.99,45
2113.241,144.196,40
1800.4,1868.6,15
2246.947,845.885,10
3946.436,587.505,60
5372.095,356.181,40
3336.009,41.251,40
2110.799,76.561,40
892.582,764.775,35
265.685,365.547,60
181.61,64.872,35
11492.011,738.383,40
9129,2066,25
4044.5,2594.4,45
80873.509,1173.472,40
6798.2,2187.7,20
181.042,73.813,35
535.822,39.986,35
20200.56,772.728,60
6940.02,429.173,40
1189,1270.8,35
3360.949,583.439,50
3235.423,2485.2,20
7828.199,1430.627,40
310.22,310.719,50
5524.486,164.99,40
6076.366,442.888,60
2139.82,187.757,60
3413.863,211.464,40
427.352,541.239,45
7844.202,3045.578,20
526.458,312.63,45
850.803,685.797,50
17648.7,690.2,40
23669.084,2354.019,40
559.238,389.523,35
579.202,480.154,20
358.407,490.339,50
1458.457,1208.374,25
5158.624,915.892,10
4115.267,1238.974,40
6516.5,3427.1,40
1022.442,478.596,45
2144.29,998.23,45
792.939,464.909,45
1370.257,137.671,60
11194.579,2388.855,45
323.664,371.163,45
222.814,173.137,15
1927.7,2929.6,20
12795.988,7080.949,40
52148,31536,25
8350.202,812.605,60
1750.251,1032.275,20
401.887,269.812,45
2176.273,606.824,60
513.787,468.272,25
2293.503,2123.516,20
283.254,79.105,35
4692.646,483.857,60
4281.079,501.883,60
6072.616,2200.429,35
4650.975,1128.661,40
280.691,224.007,25
1072.579,510.588,45
2233.019,234.608,60
413.98,78.893,35
1045.002,119.114,60
15875.7,8260.3,10
2817.309,345.009,60
5985.603,580.97,60
8398.825,1810.022,20
2134.569,740.916,45
3010.516,460.319,20
9140.332,699.489,60
35010.493,1200.83,40
1274.513,429.647,35
1312.3,2277.6,20
1504.102,520.397,35
268.816,38.627,55
3867.593,804.033,10
25215.175,1946.62,20
576.479,237.416,50
8157,9361,20
5617.172,468.87,60
2566.358,431.779,25
1613.4,1333,15
13324.408,1171.515,60
15712.684,12829.559,25
974.325,1111.631,30
85158,69779,10
7486.56,3339.817,50
4058.051,116.82,40
7237.091,401.376,40
6868.54,306.137,40
1103.856,373.906,40
1411.507,1416.868,25
5246.338,2814.956,50
1200.102,774.425,45
737.451,1284.5,45
97.424,100.273,10
2845.2,3035.5,15
505.473,531.329,25
6206.5,1974.8,50
6790.692,745.55,60
1461.398,2137.148,10
744.204,434.395,20
2721.332,2659.478,45
1182.812,218.09,10
406.821,198.42,35
1146.428,530.037,45
493.675,320.952,25
3687.28,862.126,10
568.743,554.803,25
186.803,197.353,45
7358.7,6090.3,20
1837.661,2147.593,25
15644.8,2934.6,40
8750,4876,20
1929.497,130.637,40
2108.075,684.193,40
2485.624,3134.64,30
2876.618,1260.566,25
201.381,112.3,35
2364.852,742.307,45
6659.95,358.26,40
8898,2886,25
6499.362,2089.929,35
154.349,18.516,35
605.554,164.522,35
10499.8,15115.9,10
1154.947,872.933,50
328.834,45.599,35
7481,4060,25
1969,604,50
12992.488,3115.456,25
4314.229,438.637,10
4021.98,3260.447,25
14738.634,536.39,40
18039.143,23826.195,60
2044.734,913.219,45
9712.533,1393.687,20
3516.2,4552.8,20
3407.061,492.853,35
2693.082,1050.582,35
585.799,311.678,40
1831.445,1093.999,45
1102.5,1398.6,45
348.453,427.536,40
2608.539,264.96,60
346.4,324.8,20
441.304,204.505,15
35403,27753,15
3918.221,1221.187,10
4483.4,1853.7,15
868.195,163.732,20
3069.4,2719.9,20
173.246,35.159,25
1581.615,318.218,10
202771,14764,40
4065,3587,20
4366.1,1998.6,20
2646.7,1935.6,20
275.795,342.205,20